{
    "CALIBERS": {
        "GRENADES":{
            "type": "GRENADES_UGL_FLARES",

            "low":[
                "M18", "RDG-2B", "M7290", "ZARYA"
            ],
            "medium":[
                "F1", "M67", "RGD-5"
            ],
            "high":[
                "RGN", "RGO", "VOG17", "VOG25"
            ]
        },

        "UGL":{
            "type": "GRENADES_UGL_FLARES",

            "low":[
                "40x46_M576-SHOT"
            ],
            "medium":[
                "40x46_M386-HE", "40x46_M406-HE", "40x46_M433-HEDP"
            ],
            "high": [
                "40x46_M381-HE", "40x46_M441-HE", "40x53_VOG25"
            ]
        },

        "FLARES":{
            "type": "GRENADES_UGL_FLARES",

            "low":[
                "26x75_POISONGREEN", "26x75_WHITE", "26x75_YELLOW", "RSP-30_YELLOW"
            ],
            "medium":[
                "26x75_GREEN", "RSP-30_GREEN"
            ],
            "high": [
                "26x75_RED", "RSP-30_RED"
            ]
        },

        "762x25":{
            "crap": [
                "762x25tt_LRN", "762x25tt_LRNPC"
            ],
            "flesh_medium": [
                "762x25tt_FMJ43", "762x25tt_PT"
            ],
            "flesh_high": [],
            "pen_medium": [
                "762x25tt_P", "762x25tt_AKBS"
            ],
            "pen_high": [
                "762x25tt_PST" 
            ],
            "pen_veryhigh": []
        },

        "9x18":{
            "crap": [
                "9x18pm_P", "9x18pm_PSO", "9x18pm_PSGSPPO", "9x18pm_PRSGS",
                "9x18pm_PPE", "9x18pm_PPT", "9x18pm_PST"
            ],
            "flesh_medium": [
                "9x18pm_PSV", "9x18pm_RG028"
            ],
            "flesh_high": [
                "9x18pm_SP7", "9x18pm_SP8" 
            ],
            "pen_medium": [
                "9x18pm_BZHT"
            ],
            "pen_high": [
                "9x18pm_PBM", "9x18pm_PSTM"
            ],
            "pen_veryhigh": []
        },

        "9x19":{
            "crap": [
                "9x19_GT", "9x19_PSO"
            ],
            "flesh_medium": [
                "9x19_CCI"
            ],
            "flesh_high": [
                "9x19_QUAKEMAKER"
            ],
            "pen_medium": [
                "9x19_PST", "9x19_RIP"
            ],
            "pen_high": [
                "9x19_AP63" 
            ],
            "pen_veryhigh": [
                "9x19_PBP"
            ]
        },

        "9x21":{
            "crap": [],
            "flesh_medium": [
                "9x21_PE"
            ],
            "flesh_high": [],
            "pen_medium": ["9x21_P"],
            "pen_high": [
                "9x21_PS"
            ],
            "pen_veryhigh": [
                "9x21_BT"
            ]
        },

        "357mag":{
            "crap": [],
            "flesh_medium": [],
            "flesh_high": [
                "9x33r_SP" 
            ],
            "pen_medium": [
                "9x33r_JHP"
            ],
            "pen_high": [
                "9x33r_FMJ"
            ],
            "pen_veryhigh": ["9x33r_HP"]
        },

        "45acp":{
            "crap": [
                "45acp_LASERMATCHFMJ", "45acp_MATCHFMJ"
            ],
            "flesh_medium": [
                "45acp_HYDRASHOK"
            ],
            "flesh_high": [
                
            ],
            "pen_medium": [
                "45acp_RIP"
            ],
            "pen_high": [
                "45acp_AP"
            ],
            "pen_veryhigh": []
        },

        "46x30":{
            "crap": [],
            "flesh_medium": [
                "46x30_ACTION"
            ],
            "flesh_high": [],
            "pen_medium": [
                "46x30_FMJ"  
            ],
            "pen_high": [
                "46x30_SUBSONIC"
            ],
            "pen_veryhigh": [
                "46x30_AP"
            ]
        },

        "57x26":{
            "crap": [
                "57x28_SS197SR"
            ],
            "flesh_medium": [
                
            ],
            "flesh_high": [
                
            ],
            "pen_medium": [
                "57x28_SS198LF", "57x28_L191", "57x28_SB193"
            ],
            "pen_high": [
                "57x28_R37F", "57x28_R37X"
            ],
            "pen_veryhigh": [
                "57x28_SS190"
            ]
        },

        "545x39":{
            "crap": [
                "545x39_US", "545x39_PRS"
            ],
            "flesh_medium": [
                "545x39_FMJ", "545x39_T"
            ],
            "flesh_high": [
                "545x39_PP", "545x39_PS"
            ],
            "pen_medium": [
                "545x39_BP", "545x39_BT" 
            ],
            "pen_high": [],
            "pen_veryhigh": [
                "545x39_SP", "545x39_HP", "545x39_IGOLNIK", "545x39_BS", "545x39_7N40"
            ]
        },

        "556x45":{
            "crap": [
                "556x45_M856", "556x45_MK255MOD0"
            ],
            "flesh_medium": [],
            "flesh_high": [],
            "pen_medium": [
                "556x45_M855", "556x45_M856A1", "556x45_FMJ" 
            ],
            "pen_high": [
                "556x45_M855A1" 
            ],
            "pen_veryhigh": [
                "556x45_M995", "556x45_SSAAP", "556x45_MK318MOD0", "556x45_WARMAGEDDON", "556x45_HP"
            ]
        },

        "300blackout":{
            "crap": [
                "300blackout_WHISPER"
            ],
            "flesh_medium": [],
            "flesh_high": [],
            "pen_medium": [
                "300blackout_FMJ"
            ],
            "pen_high": [
                "300blackout_AP"
            ],
            "pen_veryhigh": [
                "300blackout_VMAX", "300blackout_M62"
            ]
        },

        "762x39":{
            "crap": [
                "762x39_US"
            ],
            "flesh_medium": [
                "762x39_HP"
            ],
            "flesh_high": [],
            "pen_medium": [
                "762x39_T45M"
            ],
            "pen_high": [
                "762x39_PS", "762x39_BP"
            ],
            "pen_veryhigh": [
                "762x39_MAIAP"
            ]
        },

        "762x51":{
            "crap": [],
            "flesh_medium": [],
            "flesh_high": [
                "762x51_BCPFMJ"
            ],
            "pen_medium": [
                "762x51_ULTRANOSLER", "762x51_TCWSP"
            ],
            "pen_high": [
                "762x51_M80", "762x51_M62"
            ],
            "pen_veryhigh": [
                "762x51_M993", "762x51_M61" 
            ]
        },

        "762x54r":{
            "crap": [],
            "flesh_medium": [],
            "flesh_high": [],
            "pen_medium": [
                "762x54r_T46M", "762x54r_LPS"
            ],
            "pen_high": [
                "762x54r_BT", "762x54r_PS"
            ],
            "pen_veryhigh": [
                "762x54r_BSGS", "762x54r_SNB"
            ]
        },

        "338lapua":{
            "crap": [],
            "flesh_medium": [],
            "flesh_high": [
                "338lapua_UCW"
            ],
            "pen_medium": [
                "338lapua_FMJ"
            ],
            "pen_high": [
                "338lapua_AP"
            ],
            "pen_veryhigh": [
                "338lapua_TACX"
            ]
        },

        "9x39":{
            "crap": [
                
            ],
            "flesh_medium": [
                "9x39_PAB9"
            ],
            "flesh_high": [
                "9x39_SP5"
            ],
            "pen_medium": [],
            "pen_high": [
                "9x39_SPP", "9x39_SP6"
            ],
            "pen_veryhigh": [
                "9x39_BP"
            ]
        },

        "366tkm":{
            "crap": [
                
            ],
            "flesh_medium": [],
            "flesh_high": [
                "366tkm_FMJ"
            ],
            "pen_medium": [
                "366tkm_GEKSA"
            ],
            "pen_high": [
                "366tkm_EKO"
            ],
            "pen_veryhigh": [
                "366tkm_AP"
            ]
        },

        "127x55":{
            "crap": [],
            "flesh_medium": [],
            "flesh_high": [
                "127x55_PS12A"
            ],
            "pen_medium": [
                "127x55_PS12"
            ],
            "pen_high": [
                "127x55_PS12B"
            ],
            "pen_veryhigh": []
        },

        "12x70":{
            "type": "SHOTGUNS",

            "crap": [
                "12x70_525BUCK", "12x70_7BUCK", "12x70_SABOTSLUG",
                "12x70_LEADSLUG", "12x70_FLECHETTE", "12x70_50BMGSLUG"
            ],
            "flesh_medium": [
                "12x70_65BUCK", "12x70_RIPSLUG",
                "12x70_POLEVA3SLUG"
            ],
            "flesh_high": [
                "12x70_MAGNUMBUCK", "12x70_GRIZZLYSLUG", "12x70_POLEVA6SLUG", "12x70_COPPERSLUG"
            ],
            "pen_medium": [
                "12x70_FTXSLUG"
            ],
            "pen_high": [
                "12x70_AP20SLUG", "12x70_SUPERFORMANCESLUG"
            ]
        },

        "20x70":{
            "type": "SHOTGUNS",

            "crap": [
                "20x70_75BUCK", "20x70_56BUCK", "20x70_62BUCK"
            ],
            "flesh_medium": [
                "20x70_73BUCK", "20x70_POLEVA3SLUG"
            ],
            "flesh_high": [
                "20x70_DEVASTATORSLUG"
            ],
            "pen_medium": [],
            "pen_high": [
                "20x70_POLEVA6SLUG"
            ],
            "util": [
                "20x70_STAR"
            ]
        },

        "23x75":{
            "type": "SHOTGUNS",

            "crap": [],
            "flesh_medium": [
                "23x75_SHRAP10"
            ],
            "flesh_high": [
                "23x75_SHRAP25"
            ],
            "pen_medium": [],
            "pen_high": ["23x75_BARRIKADASLUG"],
            "util": [
                "23x75_FLASH"
            ]
        }
    }

}