{
    "BOXES":{
        "GRENADES":{
            "F1": "5710c24ad2720bc3458b45a3",
            "M67": "58d3db5386f77426186285a0",
            "RGD-5": "5448be9a4bdc2dfd2f8b456a",
            "RGN": "617fd91e5539a84ec44ce155",
            "RGO": "618a431df1eb8e24b8741deb",
            "VOG17": "5e32f56fcb6d5863cc5e5ee4",
            "VOG25": "5e340dcdcb6d5863cc5e5efb",

            "M18": "617aa4dd8166f034d57de9c5",
            "RDG-2B": "5a2a57cfc4a2826c6e06d44a",

            "M7290": "619256e5f8af2c1a4e1f5d92",
            "ZARYA": "5a0c27731526d80618476ac4",
            "9x33r_FMJ": "9x33r_FMJ_jehree_ammobox"
        },

        "UGL":{
            "40x46_M381-HE": "5ede474b0c226a66f5402622",
            "40x46_M386-HE": "5ede475b549eed7c6d5c18fb",
            "40x46_M406-HE": "5ede4739e0350d05467f73e8",
            "40x46_M433-HEDP": "5f0c892565703e5c461894e9",
            "40x46_M441-HE": "5ede47405b097655935d7d16",
            "40x46_M576-SHOT": "5ede475339ee016e8c534742",
            "40x53_VOG25": "5656eb674bdc2d35148b457c"
        },

        "FLARES":{
            "26x75_POISONGREEN": "635267f063651329f75a4ee8",
            "26x75_GREEN": "62389aaba63f32501b1b444f",
            "26x75_RED": "62389ba9a63f32501b1b4451",
            "26x75_WHITE": "62389bc9423ed1685422dc57",
            "26x75_YELLOW": "62389be94d5d474bf712e709",

            "RSP-30_GREEN": "6217726288ed9f0845317459",
            "RSP-30_RED": "62178c4d4ecf221597654e3d",
            "RSP-30_YELLOW": "624c0b3340357b5f566e8766"
        },

        "762x25":{
            "762x25tt_FMJ43_jehree_ammobox":{
                "roundInBox_id": "5735ff5c245977640e39ba7e",
                "roundInBox_name": "762x25tt_FMJ43",
                "round_count": 40,
                "boxIsNew": true,
                "box_type": "SMALL"
            },
            "762x25tt_LRN_jehree_ammobox":{
                "roundInBox_id": "573601b42459776410737435",
                "roundInBox_name": "762x25tt_LRN",
                "round_count": 40,
                "boxIsNew": true,
                "box_type": "SMALL"
            },
            "762x25tt_LRNPC_jehree_ammobox":{
                "roundInBox_id": "573602322459776445391df1",
                "roundInBox_name": "762x25tt_LRNPC",
                "round_count": 40,
                "boxIsNew": true,
                "box_type": "SMALL"
            },
            "762x25tt_P_jehree_ammobox":{
                "roundInBox_id": "5736026a245977644601dc61",
                "roundInBox_name": "762x25tt_P",
                "round_count": 40,
                "boxIsNew": true,
                "box_type": "SMALL"
            },
            "762x25tt_PST_jehree_ammobox":{
                "roundInBox_id": "573603562459776430731618",
                "roundInBox_name": "762x25tt_PST",
                "round_count": 40,
                "boxIsNew": true,
                "box_type": "SMALL"
            },
            "762x25tt_PT_jehree_ammobox":{
                "roundInBox_id": "573603c924597764442bd9cb",
                "roundInBox_name": "762x25tt_PT",
                "round_count": 40,
                "boxIsNew": true,
                "box_type": "SMALL"
            },
            "762x25tt_AKBS_jehree_ammobox":{
                "roundInBox_id": "5735fdcd2459776445391d61",
                "roundInBox_name": "762x25tt_AKBS",
                "round_count": 40,
                "boxIsNew": true,
                "box_type": "SMALL"
            }
        },

        "9x18":{
            "573722e82459776104581c21":{
                "roundInBox_id": "573718ba2459775a75491131",
                "roundInBox_name": "9x18pm_BZHT",
                "round_count": 40,
                "box_type": "SMALL"
            },
            "573724b42459776125652ac2":{
                "roundInBox_id": "573719762459775a626ccbc1",
                "roundInBox_name": "9x18pm_P",
                "round_count": 40,
                "box_type": "SMALL"
            },
            "5737256c2459776125652acd":{
                "roundInBox_id": "57371aab2459775a77142f22",
                "roundInBox_name": "9x18pm_PSTM",
                "round_count": 40,
                "box_type": "SMALL"
            },
            "5737287724597765e1625ae2":{
                "roundInBox_id": "573720e02459776143012541",
                "roundInBox_name": "9x18pm_RG028",
                "round_count": 40,
                "box_type": "SMALL"
            },
            "573728cc24597765cc785b5d":{
                "roundInBox_id": "57372140245977611f70ee91",
                "roundInBox_name": "9x18pm_SP7",
                "round_count": 40,
                "box_type": "SMALL"
            },
            "5737266524597761006c6a8c":{
                "roundInBox_id": "57371eb62459776125652ac1",
                "roundInBox_name": "9x18pm_PRSGS",
                "round_count": 40,
                "box_type": "SMALL"
            },
            "573728f324597765e5728561":{
                "roundInBox_id": "5737218f245977612125ba51",
                "roundInBox_name": "9x18pm_SP8",
                "round_count": 40,
                "box_type": "SMALL"
            },
            "5737250c2459776125652acc":{
                "roundInBox_id": "573719df2459775a626ccbc2",
                "roundInBox_name": "9x18pm_PBM",
                "round_count": 40,
                "box_type": "SMALL"
            },
            "573725b0245977612125bae2":{
                "roundInBox_id": "57371b192459775a9f58a5e0",
                "roundInBox_name": "9x18pm_PPE",
                "round_count": 40,
                "box_type": "SMALL"
            },
            "5737260b24597761224311f2":{
                "roundInBox_id": "57371e4124597760ff7b25f1",
                "roundInBox_name": "9x18pm_PPT",
                "round_count": 40,
                "box_type": "SMALL"
            },
            "5737273924597765dd374461":{
                "roundInBox_id": "57371f8d24597761006c6a81",
                "roundInBox_name": "9x18pm_PSO",
                "round_count": 40,
                "box_type": "SMALL"
            },
            "573727c624597765cc785b5b":{
                "roundInBox_id": "5737201124597760fc4431f1",
                "roundInBox_name": "9x18pm_PST",
                "round_count": 40,
                "box_type": "SMALL"
            },
            "5737280e24597765cc785b5c":{
                "roundInBox_id": "5737207f24597760ff7b25f2",
                "roundInBox_name": "9x18pm_PSV",
                "round_count": 40,
                "box_type": "SMALL"
            },
            "573726d824597765d96be361":{
                "roundInBox_id": "57371f2b24597761224311f1",
                "roundInBox_name": "9x18pm_PSGSPPO",
                "round_count": 40,
                "box_type": "SMALL"
            }
        },

        "9x19":{
            "5739d41224597779c3645501":{
                "roundInBox_id": "56d59d3ad2720bdb418b4577",
                "roundInBox_name": "9x19_PST",
                "round_count": 40,
                "box_type": "SMALL"
            },
                "5c1127bdd174af44217ab8b9":{
                "roundInBox_id": "5c0d56a986f774449d5de529",
                "roundInBox_name": "9x19_RIP",
                "round_count": 40,
                "box_type": "SMALL"
            },
            "9x19_GT_jehree_ammobox":{
                "roundInBox_id": "5c3df7d588a4501f290594e5",
                "roundInBox_name": "9x19_GT",
                "round_count": 40,
                "box_type": "SMALL",
                "boxIsNew": true
            },
            "9x19_PBP_jehree_ammobox":{
                "roundInBox_id": "5efb0da7a29a85116f6ea05f",
                "roundInBox_name": "9x19_PBP",
                "round_count": 30,
                "box_type": "SMALL",
                "boxIsNew": true
            },
            "9x19_CCI_jehree_ammobox":{
                "roundInBox_id": "5a3c16fe86f77452b62de32a",
                "roundInBox_name": "9x19_CCI",
                "round_count": 40,
                "box_type": "SMALL",
                "boxIsNew": true
            },
            "9x19_QUAKEMAKER_jehree_ammobox":{
                "roundInBox_id": "5efb0e16aeb21837e749c7ff",
                "roundInBox_name": "9x19_QUAKEMAKER",
                "round_count": 40,
                "box_type": "SMALL",
                "boxIsNew": true
            },
            "9x19_PSO_jehree_ammobox":{
                "roundInBox_id": "58864a4f2459770fcc257101",
                "roundInBox_name": "9x19_PSO",
                "round_count": 40,
                "box_type": "SMALL",
                "boxIsNew": true
            },
            "9x19_AP63_jehree_ammobox":{
                "roundInBox_id": "5c925fa22e221601da359b7b",
                "roundInBox_name": "9x19_AP63",
                "round_count": 40,
                "box_type": "SMALL",
                "boxIsNew": true
            }
        },

        "9x21":{
            "9x21_P_jehree_ammobox":{
                "roundInBox_id": "5a26abfac4a28232980eabff",
                "roundInBox_name": "9x21_P",
                "round_count": 30,
                "boxIsNew": true,
                "box_type": "SMALL"
            },
            "9x21_PE_jehree_ammobox":{
                "roundInBox_id": "5a26ac06c4a282000c5a90a8",
                "roundInBox_name": "9x21_PE",
                "round_count": 30,
                "boxIsNew": true,
                "box_type": "SMALL"
            },
            "9x21_BT_jehree_ammobox":{
                "roundInBox_id": "5a26ac0ec4a28200741e1e18",
                "roundInBox_name": "9x21_BT",
                "round_count": 30,
                "boxIsNew": true,
                "box_type": "SMALL"
            },
            "9x21_PS_jehree_ammobox":{
                "roundInBox_id": "5a269f97c4a282000b151807",
                "roundInBox_name": "9x21_PS",
                "round_count": 30,
                "boxIsNew": true,
                "box_type": "SMALL"
            }
        },

        "357mag":{
            "9x33r_FMJ_jehree_ammobox":{
                "roundInBox_id": "62330b3ed4dc74626d570b95",
                "roundInBox_name": "9x33r_FMJ",
                "round_count": 20,
                "boxIsNew": true,
                "box_type": "SMALL"
            },
            "9x33r_HP_jehree_ammobox":{
                "roundInBox_id": "62330bfadc5883093563729b",
                "roundInBox_name": "9x33r_HP",
                "round_count": 20,
                "boxIsNew": true,
                "box_type": "SMALL"
            },
            "9x33r_JHP_jehree_ammobox":{
                "roundInBox_id": "62330c18744e5e31df12f516",
                "roundInBox_name": "9x33r_JHP",
                "round_count": 20,
                "boxIsNew": true,
                "box_type": "SMALL"
            },
            "9x33r_SP_jehree_ammobox":{
                "roundInBox_id": "62330c40bdd19b369e1e53d1",
                "roundInBox_name": "9x33r_SP",
                "round_count": 20,
                "boxIsNew": true,
                "box_type": "SMALL"
            }
        },

        "45acp":{
            "45acp_MATCHFMJ_jehree_ammobox":{
                "roundInBox_id": "5e81f423763d9f754677bf2e",
                "roundInBox_name": "45acp_MATCHFMJ",
                "round_count": 30,
                "boxIsNew": true,
                "box_type": "SMALL"
            },
            "45acp_AP_jehree_ammobox":{
                "roundInBox_id": "5efb0cabfb3e451d70735af5",
                "roundInBox_name": "45acp_AP",
                "round_count": 30,
                "boxIsNew": true,
                "box_type": "SMALL"
            },
            "45acp_HYDRASHOK_jehree_ammobox":{
                "roundInBox_id": "5efb0fc6aeb21837e749c801",
                "roundInBox_name": "45acp_HYDRASHOK",
                "round_count": 30,
                "boxIsNew": true,
                "box_type": "SMALL"
            },
            "45acp_LASERMATCHFMJ_jehree_ammobox":{
                "roundInBox_id": "5efb0d4f4bc50b58e81710f3",
                "roundInBox_name": "45acp_LASERMATCHFMJ",
                "round_count": 30,
                "boxIsNew": true,
                "box_type": "SMALL"
            },
            "45acp_RIP_jehree_ammobox":{
                "roundInBox_id": "5ea2a8e200685063ec28c05a",
                "roundInBox_name": "45acp_RIP",
                "round_count": 30,
                "boxIsNew": true,
                "box_type": "SMALL"
            }
        },

        "46x30":{
            "46x30_ACTION_jehree_ammobox":{
                "roundInBox_id": "5ba26812d4351e003201fef1",
                "roundInBox_name": "46x30_ACTION",
                "round_count": 30,
                "boxIsNew": true,
                "box_type": "SMALL"
            },
            "46x30_AP_jehree_ammobox":{
                "roundInBox_id": "5ba26835d4351e0035628ff5",
                "roundInBox_name": "46x30_AP",
                "round_count": 30,
                "boxIsNew": true,
                "box_type": "SMALL"
            },
            "46x30_FMJ_jehree_ammobox":{
                "roundInBox_id": "5ba2678ad4351e44f824b344",
                "roundInBox_name": "46x30_FMJ",
                "round_count": 30,
                "boxIsNew": true,
                "box_type": "SMALL"
            },
            "46x30_SUBSONIC_jehree_ammobox":{
                "roundInBox_id": "5ba26844d4351e00334c9475",
                "roundInBox_name": "46x30_SUBSONIC",
                "round_count": 30,
                "boxIsNew": true,
                "box_type": "SMALL"
            }
        },

        "57x26":{
            "57x28_L191_jehree_ammobox":{
                "roundInBox_id": "5cc80f53e4a949000e1ea4f8",
                "roundInBox_name": "57x28_L191",
                "round_count": 30,
                "boxIsNew": true,
                "box_type": "SMALL"
            },
            "57x28_R37F_jehree_ammobox":{
                "roundInBox_id": "5cc86832d7f00c000d3a6e6c",
                "roundInBox_name": "57x28_R37F",
                "round_count": 30,
                "boxIsNew": true,
                "box_type": "SMALL"
            },
            "57x28_R37X_jehree_ammobox":{
                "roundInBox_id": "5cc86840d7f00c002412c56c",
                "roundInBox_name": "57x28_R37X",
                "round_count": 30,
                "boxIsNew": true,
                "box_type": "SMALL"
            },
            "57x28_SB193_jehree_ammobox":{
                "roundInBox_id": "5cc80f67e4a949035e43bbba",
                "roundInBox_name": "57x28_SB193",
                "round_count": 30,
                "boxIsNew": true,
                "box_type": "SMALL"
            },
            "57x28_SS190_jehree_ammobox":{
                "roundInBox_id": "5cc80f38e4a949001152b560",
                "roundInBox_name": "57x28_SS190",
                "round_count": 30,
                "boxIsNew": true,
                "box_type": "SMALL"
            },
            "57x28_SS197SR_jehree_ammobox":{
                "roundInBox_id": "5cc80f8fe4a949033b0224a2",
                "roundInBox_name": "57x28_SS197SR",
                "round_count": 30,
                "boxIsNew": true,
                "box_type": "SMALL"
            },
            "57x28_SS198LF_jehree_ammobox":{
                "roundInBox_id": "5cc80f79e4a949033c7343b2",
                "roundInBox_name": "57x28_SS198LF",
                "round_count": 30,
                "boxIsNew": true,
                "box_type": "SMALL"
            }
        },

        "545x39":{
            "57372ebf2459776862260582":{
                "roundInBox_id": "56dff3afd2720bba668b4567",
                "roundInBox_name": "545x39_PS",
                "round_count": 60,
                "disabled": true,
                "box_type": "MEDIUM"
            },
            "57372bd3245977670b7cd243":{
                "roundInBox_id": "56dff026d2720bb8668b4567",
                "roundInBox_name": "545x39_BS",
                "round_count": 60,
                "disabled": true,
                "box_type": "MEDIUM"
            },
            "5737360a2459776af32363a1":{
                "roundInBox_id": "56dff0bed2720bb0668b4567",
                "roundInBox_name": "545x39_FMJ",
                "round_count": 60,
                "box_type": "MEDIUM"
            },
            "57372db0245977685d4159b2":{
                "roundInBox_id": "56dff2ced2720bb4668b4567",
                "roundInBox_name": "545x39_PP",
                "round_count": 60,
                "disabled": true,
                "box_type": "MEDIUM"
            },
            "57372deb245977685d4159b3":{
                "roundInBox_id": "56dff338d2720bbd668b4569",
                "roundInBox_name": "545x39_PRS",
                "round_count": 60,
                "disabled": true,
                "box_type": "MEDIUM"
            },
            "5737292724597765e5728562":{
                "roundInBox_id": "56dfef82d2720bbd668b4567",
                "roundInBox_name": "545x39_BP",
                "round_count": 60,
                "disabled": true,
                "box_type": "MEDIUM"
            },
            "57372f5c24597769917c0131":{
                "roundInBox_id": "56dff4a2d2720bbd668b456a",
                "roundInBox_name": "545x39_T",
                "round_count": 60,
                "disabled": true,
                "box_type": "MEDIUM"
            },
            "57372f7d245977699b53e301":{
                "roundInBox_id": "56dff4ecd2720b5f5a8b4568",
                "roundInBox_name": "545x39_US",
                "round_count": 60,
                "box_type": "MEDIUM"
            },
            "573733c72459776b0b7b51b0":{
                "roundInBox_id": "56dff421d2720b5f5a8b4567",
                "roundInBox_name": "545x39_SP",
                "round_count": 60,
                "box_type": "MEDIUM"
            },
            "57372d1b2459776862260581":{
                "roundInBox_id": "56dff2ced2720bb4668b4567",
                "roundInBox_name": "545x39_PP",
                "round_count": 60,
                "disabled": true,
                "box_type": "MEDIUM"
            },
            "57372c21245977670937c6c2":{
                "roundInBox_id": "56dff061d2720bb5668b4567",
                "roundInBox_name": "545x39_BT",
                "round_count": 60,
                "box_type": "MEDIUM"
            },
            "57372e73245977685d4159b4":{
                "roundInBox_id": "56dff3afd2720bba668b4567",
                "roundInBox_name": "545x39_PS",
                "round_count": 60,
                "disabled": true,
                "box_type": "MEDIUM"
            },
            "57372c89245977685d4159b1":{
                "roundInBox_id": "56dff061d2720bb5668b4567",
                "roundInBox_name": "545x39_BT",
                "round_count": 60,
                "disabled": true,
                "box_type": "MEDIUM"
            },
            "57372ee1245977685d4159b5":{
                "roundInBox_id": "56dff4a2d2720bbd668b456a",
                "roundInBox_name": "545x39_T",
                "round_count": 60,
                "disabled": true,
                "box_type": "MEDIUM"
            },
            "57372ac324597767001bc261":{
                "roundInBox_id": "56dfef82d2720bbd668b4567",
                "roundInBox_name": "545x39_BP",
                "round_count": 60,
                "disabled": true,
                "box_type": "MEDIUM"
            },
            "57372b832459776701014e41":{
                "roundInBox_id": "56dff026d2720bb8668b4567",
                "roundInBox_name": "545x39_BS",
                "round_count": 60,
                "disabled": true,
                "box_type": "MEDIUM"
            },
            "57372e4a24597768553071c2":{
                "roundInBox_id": "56dff338d2720bbd668b4569",
                "roundInBox_name": "545x39_PRS",
                "round_count": 60,
                "disabled": true,
                "box_type": "MEDIUM"
            },
            "5737300424597769942d5a01":{
                "roundInBox_id": "56dff4ecd2720b5f5a8b4568",
                "roundInBox_name": "545x39_US",
                "round_count": 60,
                "disabled": true,
                "box_type": "MEDIUM"
            },
            "5737339e2459776af261abeb":{
                "roundInBox_id": "56dff216d2720bbd668b4568",
                "roundInBox_name": "545x39_HP",
                "round_count": 60,
                "box_type": "MEDIUM"
            },
            "5c1262a286f7743f8a69aab2":{
                "roundInBox_id": "5c0d5e4486f77478390952fe",
                "roundInBox_name": "545x39_IGOLNIK",
                "round_count": 60,
                "box_type": "MEDIUM"
            },
            "57372bad245977670b7cd242":{
                "roundInBox_id": "56dff026d2720bb8668b4567",
                "roundInBox_name": "545x39_BS",
                "round_count": 60,
                "box_type": "MEDIUM"
            },
            "57372c56245977685e584582":{
                "roundInBox_id": "56dff061d2720bb5668b4567",
                "roundInBox_name": "545x39_BT",
                "round_count": 60,
                "disabled": true,
                "box_type": "MEDIUM"
            },
            "57372a7f24597766fe0de0c1":{
                "roundInBox_id": "56dfef82d2720bbd668b4567",
                "roundInBox_name": "545x39_BP",
                "round_count": 60,
                "box_type": "MEDIUM"
            },
            "57372d4c245977685a3da2a1":{
                "roundInBox_id": "56dff2ced2720bb4668b4567",
                "roundInBox_name": "545x39_PP",
                "round_count": 60,
                "box_type": "MEDIUM"
            },
            "57372e1924597768553071c1":{
                "roundInBox_id": "56dff338d2720bbd668b4569",
                "roundInBox_name": "545x39_PRS",
                "round_count": 60,
                "box_type": "MEDIUM"
            },
            "57372e94245977685648d3e1":{
                "roundInBox_id": "56dff3afd2720bba668b4567",
                "roundInBox_name": "545x39_PS",
                "round_count": 60,
                "box_type": "MEDIUM"
            },
            "57372f2824597769a270a191":{
                "roundInBox_id": "56dff4a2d2720bbd668b456a",
                "roundInBox_name": "545x39_T",
                "round_count": 60,
                "box_type": "MEDIUM"
            },
            "57372fc52459776998772ca1":{
                "roundInBox_id": "56dff4ecd2720b5f5a8b4568",
                "roundInBox_name": "545x39_US",
                "round_count": 60,
                "disabled": true,
                "box_type": "MEDIUM"
            },
            "545x39_7N40_jehree_ammobox":{
                "roundInBox_id": "61962b617c6c7b169525f168",
                "roundInBox_name": "545x39_7N40",
                "round_count": 60,
                "boxIsNew": true,
                "box_type": "MEDIUM"
            }
        },

        "556x45":{
            "5447ac644bdc2d6c208b4567":{
                "roundInBox_id": "54527a984bdc2d4e668b4567",
                "roundInBox_name": "556x45_M855",
                "round_count": 60,
                "box_type": "MEDIUM"
            },
            "64898583d5b4df6140000a1d":{
                "roundInBox_id": "601949593ae8f707c4608daa",
                "roundInBox_name": "556x45_SSAAP",
                "round_count": 45,
                "box_type": "MEDIUM"
            },
            "5c11279ad174af029d64592b":{
                "roundInBox_id": "601949593ae8f707c4608daa",
                "roundInBox_name": "556x45_WARMAGEDDON",
                "round_count": 60,
                "box_type": "MEDIUM"
            },
            "556x45_FMJ_jehree_ammobox":{
                "roundInBox_id": "59e6920f86f77411d82aa167",
                "roundInBox_name": "556x45_FMJ",
                "round_count": 60,
                "boxIsNew": true,
                "box_type": "MEDIUM"
            },
            "556x45_HP_jehree_ammobox":{
                "roundInBox_id": "59e6927d86f77411da468256",
                "roundInBox_name": "556x45_HP",
                "round_count": 60,
                "boxIsNew": true,
                "box_type": "MEDIUM"
            },
            "556x45_M855A1_jehree_ammobox":{
                "roundInBox_id": "54527ac44bdc2d36668b4567",
                "roundInBox_name": "556x45_M855A1",
                "round_count": 45,
                "boxIsNew": true,
                "box_type": "MEDIUM"
            },
            "556x45_M856_jehree_ammobox":{
                "roundInBox_id": "59e68f6f86f7746c9f75e846",
                "roundInBox_name": "556x45_M856",
                "round_count": 60,
                "boxIsNew": true,
                "box_type": "MEDIUM"
            },
            "556x45_M856A1_jehree_ammobox":{
                "roundInBox_id": "59e6906286f7746c9f75e847",
                "roundInBox_name": "556x45_M856A1",
                "round_count": 60,
                "boxIsNew": true,
                "box_type": "MEDIUM"
            },
            "556x45_M995_jehree_ammobox":{
                "roundInBox_id": "59e690b686f7746c9f75e848",
                "roundInBox_name": "556x45_M995",
                "round_count": 45,
                "boxIsNew": true,
                "box_type": "MEDIUM"
            },
            "556x45_MK255MOD0_jehree_ammobox":{
                "roundInBox_id": "59e6918f86f7746c9f75e849",
                "roundInBox_name": "556x45_MK255MOD0",
                "round_count": 60,
                "boxIsNew": true,
                "box_type": "MEDIUM"
            },
            "556x45_MK318MOD0_jehree_ammobox":{
                "roundInBox_id": "60194943740c5d77f6705eea",
                "roundInBox_name": "556x45_MK318MOD0",
                "round_count": 60,
                "boxIsNew": true,
                "box_type": "MEDIUM"
            }
        },

        "300blackout":{
            "648985c074a806211e4fb682":{
                "roundInBox_id": "5fd20ff893a8961fc660a954",
                "roundInBox_name": "300blackout_AP",
                "round_count": 60,
                "box_type": "MEDIUM"
            },
            "300blackout_FMJ_jehree_ammobox":{
                "roundInBox_id": "5fbe3ffdf8b6a877a729ea82",
                "roundInBox_name": "300blackout_FMJ",
                "round_count": 60,
                "boxIsNew": true,
                "box_type": "MEDIUM"
            },
            "300blackout_M62_jehree_ammobox":{
                "roundInBox_id": "619636be6db0f2477964e710",
                "roundInBox_name": "300blackout_M62",
                "round_count": 60,
                "boxIsNew": true,
                "box_type": "MEDIUM"
            },
            "300blackout_VMAX_jehree_ammobox":{
                "roundInBox_id": "6196364158ef8c428c287d9f",
                "roundInBox_name": "300blackout_VMAX",
                "round_count": 60,
                "boxIsNew": true,
                "box_type": "MEDIUM"
            },
            "300blackout_WHISPER_jehree_ammobox":{
                "roundInBox_id": "6196365d58ef8c428c287da1",
                "roundInBox_name": "300blackout_WHISPER",
                "round_count": 60,
                "boxIsNew": true,
                "box_type": "MEDIUM"
            }
        },

        "762x39":{
            "5649ed104bdc2d3d1c8b458b":{
                "roundInBox_id": "5656d7c34bdc2d9d198b4587",
                "roundInBox_name": "762x39_PS",
                "round_count": 50,
                "box_type": "MEDIUM"
            },
            "6489851fc827d4637f01791b":{
                "roundInBox_id": "601aa3d2b2bcb34913271e6d",
                "roundInBox_name": "762x39_MAIAP",
                "round_count": 40,
                "box_type": "MEDIUM"
            },
            "762x39_T45M_jehree_ammobox":{
                "roundInBox_id": "59e4cf5286f7741778269d8a",
                "roundInBox_name": "762x39_T45M",
                "round_count": 50,
                "boxIsNew": true,
                "box_type": "MEDIUM"
            },
            "762x39_US_jehree_ammobox":{
                "roundInBox_id": "59e4d24686f7741776641ac7",
                "roundInBox_name": "762x39_US",
                "round_count": 50,
                "boxIsNew": true,
                "box_type": "MEDIUM"
            },
            "762x39_BP_jehree_ammobox":{
                "roundInBox_id": "59e0d99486f7744a32234762",
                "roundInBox_name": "762x39_BP",
                "round_count": 50,
                "boxIsNew": true,
                "box_type": "MEDIUM"
            },
            "762x39_HP_jehree_ammobox":{
                "roundInBox_id": "59e4d3d286f774176a36250a",
                "roundInBox_name": "762x39_HP",
                "round_count": 50,
                "boxIsNew": true,
                "box_type": "MEDIUM"
            }
        },

        "762x51":{
            "648984e3f09d032aa9399d53":{
                "roundInBox_id": "5efb0c1bd79ff02a1f5e68d9",
                "roundInBox_name": "762x51_M993",
                "round_count": 25,
                "box_type": "MEDIUM"
            },
            "762x51_M61_jehree_ammobox":{
                "roundInBox_id": "5a6086ea4f39f99cd479502f",
                "roundInBox_name": "762x51_M61",
                "round_count": 25,
                "boxIsNew": true,
                "box_type": "MEDIUM"
            },
            "762x51_M80_jehree_ammobox":{
                "roundInBox_id": "58dd3ad986f77403051cba8f",
                "roundInBox_name": "762x51_M80",
                "round_count": 30,
                "boxIsNew": true,
                "box_type": "MEDIUM"
            },
            "762x51_ULTRANOSLER_jehree_ammobox":{
                "roundInBox_id": "5e023e88277cce2b522ff2b1",
                "roundInBox_name": "762x51_ULTRANOSLER",
                "round_count": 30,
                "boxIsNew": true,
                "box_type": "MEDIUM"
            },
            "762x51_TCWSP_jehree_ammobox":{
                "roundInBox_id": "5e023e6e34d52a55c3304f71",
                "roundInBox_name": "762x51_TCWSP",
                "round_count": 30,
                "boxIsNew": true,
                "box_type": "MEDIUM"
            },
            "762x51_M62_jehree_ammobox":{
                "roundInBox_id": "5a608bf24f39f98ffc77720e",
                "roundInBox_name": "762x51_M62",
                "round_count": 30,
                "boxIsNew": true,
                "box_type": "MEDIUM"
            },
            "762x51_BCPFMJ_jehree_ammobox":{
                "roundInBox_id": "5e023e53d4353e3302577c4c",
                "roundInBox_name": "762x51_BCPFMJ",
                "round_count": 30,
                "boxIsNew": true,
                "box_type": "MEDIUM"
            }
        },

        "762x54r":{
            "560d75f54bdc2da74d8b4573":{
                "roundInBox_id": "560d61e84bdc2da74d8b4571",
                "roundInBox_name": "762x54r_SNB",
                "round_count": 20,
                "box_type": "LARGE"
            },
            "648984b8d5b4df6140000a1a":{
                "roundInBox_id": "5e023d48186a883be655e551",
                "roundInBox_name": "762x54r_BSGS",
                "round_count": 20,
                "box_type": "LARGE"
            },
            "762x54r_RBT_jehree_ammobox":{
                "roundInBox_id": "5e023d34e8a400319a28ed44",
                "roundInBox_name": "762x54r_BT",
                "round_count": 20,
                "boxIsNew": true,
                "box_type": "LARGE"
            },
            "762x54r_T46M_jehree_ammobox":{
                "roundInBox_id": "5e023cf8186a883be655e54f",
                "roundInBox_name": "762x54r_T46M",
                "round_count": 20,
                "boxIsNew": true,
                "box_type": "LARGE"
            },
            "762x54r_LPS_jehree_ammobox":{
                "roundInBox_id": "5887431f2459777e1612938f",
                "roundInBox_name": "762x54r_LPS",
                "round_count": 20,
                "boxIsNew": true,
                "box_type": "LARGE"
            },
            "762x54r_RPS_jehree_ammobox":{
                "roundInBox_id": "59e77a2386f7742ee578960a",
                "roundInBox_name": "762x54r_PS",
                "round_count": 20,
                "boxIsNew": true,
                "box_type": "LARGE"
            }
        },

        "338lapua":{
            "6489848173c462723909a14b":{
                "roundInBox_id": "5fc382a9d724d907e2077dab",
                "roundInBox_name": "338lapua_AP",
                "round_count": 15,
                "box_type": "LAPUA"
            },
            "338lapua_UCW_jehree_ammobox":{
                "roundInBox_id": "5fc382c1016cce60e8341b20",
                "roundInBox_name": "338lapua_UCW",
                "round_count": 20,
                "boxIsNew": true,
                "box_type": "LAPUA"
            },
            "338lapua_TACX_jehree_ammobox":{
                "roundInBox_id": "5fc382b6d6fa9c00c571bbc3",
                "roundInBox_name": "338lapua_TACX",
                "round_count": 20,
                "boxIsNew": true,
                "box_type": "LAPUA"
            },
            "338lapua_FMJ_jehree_ammobox":{
                "roundInBox_id": "5fc275cf85fd526b824a571a",
                "roundInBox_name": "338lapua_FMJ",
                "round_count": 20,
                "boxIsNew": true,
                "box_type": "LAPUA"
            }
        },

        "9x39":{
            "5c1260dc86f7746b106e8748":{
                "roundInBox_id": "5c0d688c86f77413ae3407b2",
                "roundInBox_name": "9x39_BP",
                "round_count": 45,
                "disabled": true,
                "box_type": "MEDIUM"
            },
            "5c12619186f7743f871c8a32":{
                "roundInBox_id": "5c0d668f86f7747ccb7f13b2",
                "roundInBox_name": "9x39_SPP",
                "round_count": 45,
                "box_type": "MEDIUM"
            },
            "6489854673c462723909a14e":{
                "roundInBox_id": "5c0d688c86f77413ae3407b2",
                "roundInBox_name": "9x39_BP",
                "round_count": 45,
                "box_type": "MEDIUM"
            },
            "9x39_SP5_jehree_ammobox":{
                "roundInBox_id": "57a0dfb82459774d3078b56c",
                "roundInBox_name": "9x39_SP5",
                "round_count": 45,
                "boxIsNew": true,
                "box_type": "MEDIUM"
            },
            "9x39_PAB9_jehree_ammobox":{
                "roundInBox_id": "61962d879bb3d20b0946d385",
                "roundInBox_name": "9x39_PAB9",
                "round_count": 45,
                "boxIsNew": true,
                "box_type": "MEDIUM"
            },
            "9x39_SP6_jehree_ammobox":{
                "roundInBox_id": "57a0e5022459774d1673f889",
                "roundInBox_name": "9x39_SP6",
                "round_count": 45,
                "boxIsNew": true,
                "box_type": "MEDIUM"
            }
        },

        "366tkm":{
            "366tkm_EKO_jehree_ammobox":{
                "roundInBox_id": "59e655cb86f77411dc52a77b",
                "roundInBox_name": "366tkm_EKO",
                "round_count": 50,
                "boxIsNew": true,
                "box_type": "MEDIUM"
            },
            "366tkm_FMJ_jehree_ammobox":{
                "roundInBox_id": "59e6542b86f77411dc52a77a",
                "roundInBox_name": "366tkm_FMJ",
                "round_count": 50,
                "boxIsNew": true,
                "box_type": "MEDIUM"
            },
            "366tkm_GEKSA_jehree_ammobox":{
                "roundInBox_id": "59e6658b86f77411d949b250",
                "roundInBox_name": "366tkm_GEKSA",
                "round_count": 50,
                "boxIsNew": true,
                "box_type": "MEDIUM"
            },
            "366tkm_AP_jehree_ammobox":{
                "roundInBox_id": "5f0596629e22f464da6bbdd9",
                "roundInBox_name": "366tkm_AP",
                "round_count": 40,
                "boxIsNew": true,
                "box_type": "MEDIUM"
            }
        },

        "127x55":{
            "648983d6b5a2df1c815a04ec":{
                "roundInBox_id": "5cadf6eeae921500134b2799",
                "roundInBox_name": "127x55_PS12B",
                "round_count": 18,
                "box_type": "LARGE"
            },
            "127x55_PS12_jehree_ammobox":{
                "roundInBox_id": "5cadf6ddae9215051e1c23b2",
                "roundInBox_name": "127x55_PS12",
                "round_count": 18,
                "boxIsNew": true,
                "box_type": "LARGE"
            },
            "127x55_PS12A_jehree_ammobox":{
                "roundInBox_id": "5cadf6e5ae921500113bb973",
                "roundInBox_name": "127x55_PS12A",
                "round_count": 18,
                "boxIsNew": true,
                "box_type": "LARGE"
            }
        },

        "12x70":{
            "5c1127d0d174af29be75cf68":{
                "roundInBox_id": "5c0d591486f7744c505b416f",
                "roundInBox_name": "12x70_RIPSLUG",
                "round_count": 15,
                "box_type": "SHELL"
            },
            "64898838d5b4df6140000a20":{
                "roundInBox_id": "5d6e68a8a4b9360b6c0d54e2",
                "roundInBox_name": "12x70_AP20SLUG",
                "round_count": 15,
                "box_type": "SHELL"
            },
            "12x70_7BUCK_jehree_ammobox":{
                "roundInBox_id": "560d5e524bdc2d25448b4571",
                "roundInBox_name": "12x70_7BUCK",
                "round_count": 25,
                "boxIsNew": true,
                "box_type": "SHELL"
            },
            "12x70_525BUCK_jehree_ammobox":{
                "roundInBox_id": "5d6e6772a4b936088465b17c",
                "roundInBox_name": "12x70_525BUCK",
                "round_count": 25,
                "boxIsNew": true,
                "box_type": "SHELL"
            },
            "12x70_65BUCK_jehree_ammobox":{
                "roundInBox_id": "5d6e67fba4b9361bc73bc779",
                "roundInBox_name": "12x70_65BUCK",
                "round_count": 25,
                "boxIsNew": true,
                "box_type": "SHELL"
            },
            "12x70_MAGNUMBUCK_jehree_ammobox":{
                "roundInBox_id": "5d6e6806a4b936088465b17e",
                "roundInBox_name": "12x70_MAGNUMBUCK",
                "round_count": 20,
                "boxIsNew": true,
                "box_type": "SHELL"
            },
            "12x70_SABOTSLUG_jehree_ammobox":{
                "roundInBox_id": "5d6e68dea4b9361bcc29e659",
                "roundInBox_name": "12x70_SABOTSLUG",
                "round_count": 25,
                "boxIsNew": true,
                "box_type": "SHELL"
            },
            "12x70_FLECHETTE_jehree_ammobox":{
                "roundInBox_id": "5d6e6911a4b9361bd5780d52",
                "roundInBox_name": "12x70_FLECHETTE",
                "round_count": 20,
                "boxIsNew": true,
                "box_type": "SHELL"
            },
            "12x70_LEADSLUG_jehree_ammobox":{
                "roundInBox_id": "58820d1224597753c90aeb13",
                "roundInBox_name": "12x70_LEADSLUG",
                "round_count": 25,
                "boxIsNew": true,
                "box_type": "SHELL"
            },
            "12x70_50BMGSLUG_jehree_ammobox":{
                "roundInBox_id": "5d6e68c4a4b9361b93413f79",
                "roundInBox_name": "12x70_50BMGSLUG",
                "round_count": 25,
                "boxIsNew": true,
                "box_type": "SHELL"
            },
            "12x70_FTXSLUG_jehree_ammobox":{
                "roundInBox_id": "5d6e68e6a4b9361c140bcfe0",
                "roundInBox_name": "12x70_FTXSLUG",
                "round_count": 25,
                "boxIsNew": true,
                "box_type": "SHELL"
            },
            "12x70_GRIZZLYSLUG_jehree_ammobox":{
                "roundInBox_id": "5d6e6869a4b9361c140bcfde",
                "roundInBox_name": "12x70_GRIZZLYSLUG",
                "round_count": 25,
                "boxIsNew": true,
                "box_type": "SHELL"
            },
            "12x70_COPPERSLUG_jehree_ammobox":{
                "roundInBox_id": "5d6e68b3a4b9361bca7e50b5",
                "roundInBox_name": "12x70_COPPERSLUG",
                "round_count": 25,
                "boxIsNew": true,
                "box_type": "SHELL"
            },
            "12x70_POLEVA3SLUG_jehree_ammobox":{
                "roundInBox_id": "5d6e6891a4b9361bd473feea",
                "roundInBox_name": "12x70_POLEVA3SLUG",
                "round_count": 25,
                "boxIsNew": true,
                "box_type": "SHELL"
            },
            "12x70_POLEVA6SLUG_jehree_ammobox":{
                "roundInBox_id": "5d6e689ca4b9361bc8618956",
                "roundInBox_name": "12x70_POLEVA6SLUG",
                "round_count": 25,
                "boxIsNew": true,
                "box_type": "SHELL"
            },
            "12x70_SUPERFORMANCESLUG_jehree_ammobox":{
                "roundInBox_id": "5d6e68d1a4b93622fe60e845",
                "roundInBox_name": "12x70_SUPERFORMANCESLUG",
                "round_count": 25,
                "boxIsNew": true,
                "box_type": "SHELL"
            }
        },

        "20x70":{
            "20x70_75BUCK_jehree_ammobox":{
                "roundInBox_id": "5a38ebd9c4a282000d722a5b",
                "roundInBox_name": "20x70_75BUCK",
                "round_count": 30,
                "boxIsNew": true,
                "box_type": "SHELL"
            },
            "20x70_56BUCK_jehree_ammobox":{
                "roundInBox_id": "5d6e695fa4b936359b35d852",
                "roundInBox_name": "20x70_56BUCK",
                "round_count": 30,
                "boxIsNew": true,
                "box_type": "SHELL"
            },
            "20x70_62BUCK_jehree_ammobox":{
                "roundInBox_id": "5d6e69b9a4b9361bc8618958",
                "roundInBox_name": "20x70_62BUCK",
                "round_count": 30,
                "boxIsNew": true,
                "box_type": "SHELL"
            },
            "20x70_73BUCK_jehree_ammobox":{
                "roundInBox_id": "5d6e69c7a4b9360b6c0d54e4",
                "roundInBox_name": "20x70_73BUCK",
                "round_count": 30,
                "boxIsNew": true,
                "box_type": "SHELL"
            },
            "20x70_DEVASTATORSLUG_jehree_ammobox":{
                "roundInBox_id": "5d6e6a5fa4b93614ec501745",
                "roundInBox_name": "20x70_DEVASTATORSLUG",
                "round_count": 30,
                "boxIsNew": true,
                "box_type": "SHELL"
            },
            "20x70_POLEVA3SLUG_jehree_ammobox":{
                "roundInBox_id": "5d6e6a53a4b9361bd473feec",
                "roundInBox_name": "20x70_POLEVA3SLUG",
                "round_count": 30,
                "boxIsNew": true,
                "box_type": "SHELL"
            },
            "20x70_POLEVA6SLUG_jehree_ammobox":{
                "roundInBox_id": "5d6e6a42a4b9364f07165f52",
                "roundInBox_name": "20x70_POLEVA6SLUG",
                "round_count": 30,
                "boxIsNew": true,
                "box_type": "SHELL"
            },
            "20x70_STAR_jehree_ammobox":{
                "roundInBox_id": "5d6e6a05a4b93618084f58d0",
                "roundInBox_name": "20x70_STAR",
                "round_count": 30,
                "boxIsNew": true,
                "box_type": "SHELL"
            }
        },

        "23x75":{
            "23x75_BARRIKADASLUG_jehree_ammobox":{
                "roundInBox_id": "5e85aa1a988a8701445df1f5",
                "roundInBox_name": "23x75_BARRIKADASLUG",
                "round_count": 10,
                "boxIsNew": true,
                "box_type": "SHELL"
            },
            "23x75_SHRAP10_jehree_ammobox":{
                "roundInBox_id": "5e85a9a6eacf8c039e4e2ac1",
                "roundInBox_name": "23x75_SHRAP10",
                "round_count": 8,
                "boxIsNew": true,
                "box_type": "SHELL"
            },
            "23x75_SHRAP25_jehree_ammobox":{
                "roundInBox_id": "5f647f31b6238e5dd066e196",
                "roundInBox_name": "23x75_SHRAP25",
                "round_count": 8,
                "boxIsNew": true,
                "box_type": "SHELL"
            },
            "23x75_FLASH_jehree_ammobox":{
                "roundInBox_id": "5e85a9f4add9fe03027d9bf1",
                "roundInBox_name": "23x75_FLASH",
                "round_count": 10,
                "boxIsNew": true,
                "box_type": "SHELL"
            }
        }
    }
}