{
    "DEFAULT": {
        "bundle_path": "assets/content/items/ammo/boxes/item_ammo_box_545x39_30.bundle",
        "size_h": 1,
        "size_v": 1
    },
    "SMALL": {
        "bundle_path": "assets/content/items/ammo/boxes/item_ammo_box_9x18pm_16.bundle",
        "size_h": 1,
        "size_v": 1
    },
    "MEDIUM": {
        "bundle_path": "assets/content/items/ammo/boxes/item_ammo_box_545x39_30.bundle",
        "size_h": 1,
        "size_v": 1
    },
    "LARGE": {
        "bundle_path": "assets/content/items/ammo/boxes/item_ammo_box_545x39_120_prs.bundle",
        "size_h": 2,
        "size_v": 1
    },
    "SHELL": {
        "bundle_path": "assets/content/items/ammo/boxes/item_ammo_box_12g_rip_5.bundle",
        "size_h": 1,
        "size_v": 1
    },
    "LAPUA": {
        "bundle_path": "assets/content/items/ammo/boxes/item_ammo_box_545x39_120_prs.bundle",
        "size_h": 3,
        "size_v": 1
    }
}
